<application>
  <component name="DimensionService">
    <size key="GridCell.Tab.0.left.0.0.5120.2880@192dpi" width="3568" height="1112" />
    <size key="GridCell.Tab.0.center.0.0.5120.2880@192dpi" width="3568" height="1112" />
    <size key="GridCell.Tab.0.right.0.0.5120.2880@192dpi" width="3568" height="1112" />
    <size key="GridCell.Tab.0.bottom.0.0.5120.2880@192dpi" width="3568" height="1112" />
    <size key="GridCell.Tab.0.left.0.0.3600.2338@192dpi" width="3436" height="620" />
    <size key="GridCell.Tab.0.center.0.0.3600.2338@192dpi" width="3436" height="620" />
    <size key="GridCell.Tab.0.right.0.0.3600.2338@192dpi" width="3436" height="620" />
    <size key="GridCell.Tab.0.bottom.0.0.3600.2338@192dpi" width="3436" height="620" />
  </component>
  <component name="WindowManager">
    <frame x="133" y="25" width="1946" height="1358" />
  </component>
  <component name="WindowStateApplicationService">
    <state width="437" height="147" key="ShowUsagesActions.dimensionServiceKey" timestamp="1744655744246">
      <screen x="0" y="25" width="2560" height="1359" />
    </state>
    <state width="437" height="147" key="ShowUsagesActions.dimensionServiceKey/-1800.315.1800.1125/0.25.2560.1359" timestamp="1744655744246" />
  </component>
</application>