<application>
  <component name="DimensionService">
    <location key="find.popup.0.0.5120.2880@192dpi" x="1910" y="616" />
    <size key="find.popup.0.0.5120.2880@192dpi" width="1286" height="1080" />
    <size key="GridCell.Tab.0.left.0.0.5120.2880@192dpi" width="3914" height="782" />
    <size key="GridCell.Tab.0.center.0.0.5120.2880@192dpi" width="3914" height="782" />
    <size key="GridCell.Tab.0.right.0.0.5120.2880@192dpi" width="3914" height="782" />
    <size key="GridCell.Tab.0.bottom.0.0.5120.2880@192dpi" width="3914" height="782" />
    <size key="GridCell.Tab.1.left.0.0.5120.2880@192dpi" width="3260" height="1042" />
    <size key="GridCell.Tab.1.center.0.0.5120.2880@192dpi" width="3260" height="1042" />
    <size key="GridCell.Tab.1.right.0.0.5120.2880@192dpi" width="3260" height="1042" />
    <size key="GridCell.Tab.1.bottom.0.0.5120.2880@192dpi" width="3260" height="1042" />
  </component>
  <component name="WindowManager">
    <frame x="255" y="84" width="1566" height="1158" />
  </component>
  <component name="WindowStateApplicationService">
    <state width="582" height="327" key="ShowUsagesActions.dimensionServiceKey" timestamp="1762876100544">
      <screen x="0" y="25" width="2560" height="1359" />
    </state>
    <state width="582" height="327" key="ShowUsagesActions.dimensionServiceKey/-1800.315.1800.1125/0.25.2560.1359" timestamp="1762876100544" />
  </component>
</application>