<keymap version="1" name="VSCode OSX (Migrated)" parent="VSCode OSX">
  <action id="EditorDeleteLine">
    <keyboard-shortcut first-keystroke="shift meta k" />
    <keyboard-shortcut first-keystroke="meta back_space" />
  </action>
  <action id="MoveLineDown">
    <keyboard-shortcut first-keystroke="alt down" />
    <keyboard-shortcut first-keystroke="shift meta down" />
  </action>
  <action id="MoveLineUp">
    <keyboard-shortcut first-keystroke="alt up" />
    <keyboard-shortcut first-keystroke="shift meta up" />
  </action>
  <action id="Replace">
    <keyboard-shortcut first-keystroke="meta alt f" />
    <keyboard-shortcut first-keystroke="meta r" />
  </action>
</keymap>